{
    "$schema": "https://go.kicad.org/pcm/schemas/v1",
    "name": "Kiwi Light",
    "description": "Designed by OneKiwi",
    "description_full": "esigned by OneKiwi",
    "identifier": "vn.onekiwi.theme-kiwi-light",
    "type": "colortheme",
    "author": {
        "name": "OneKiwi",
        "contact": {
            "web": "https://github.com/OneKiwiTech"
        }
    },
    "maintainer": {
        "name": "OneKiwi",
        "contact": {
            "web": "https://github.com/OneKiwiTech"
        }
    },
    "license": "MIT",
    "resources": {
        "homepage": "https://github.com/OneKiwiTech/kicad-color-themes"
    },
    "versions": [
        {
            "version": "1.0",
            "status": "stable",
            "kicad_version": "6",
            "platforms": [
                "linux",
                "macos",
                "windows"
            ]
        }
    ]
}
